trans_start,checkout,dairy,drinks,fruit,spices
checkout,1.0,0.0,0.0,0.0,0.0
dairy,0.10267806908968155,0.7370878811747497,0.05868121975919883,0.05007314054236525,0.05147968943400472
drinks,0.2155048324079786,0.01089862224964014,0.5984988690108987,0.08801151552539585,0.08708616080608678
fruit,0.20105445388731508,0.09592382751022978,0.05516210261252754,0.5971828769279194,0.05067673906200818
spices,0.1498884995221408,0.19353297228416694,0.163109270468302,0.09127110544759477,0.4021981522777955
